x,y,class
2.745071229516849,0.7565074836168915,1.0
1.792603548243223,1.1597284397045455,1.0
2.9715328071510387,3.120940407684893,1.0
4.284544784612038,2.915555398150197,1.0
1.648769937914996,1.968647609053778,1.0
1.6487945645762292,2.175991074963173,1.0
4.368819223261087,3.9164973436826376,1.0
3.151152093729363,1.112642916746255,1.0
1.2957884210975719,2.820646071755057,1.0
2.813840065378947,1.696711021349159,1.0
1.3048734607813066,1.6734781951591695,1.0
1.3014053696446148,3.648165277980785,1.0
2.362943407349051,3.238124523482045,1.0
-0.8699203669866966,3.220264454000958,1.0
-0.5873767487695494,3.9582182107314936,1.0
1.156568706138541,2.0315057624491386,1.0
0.4807533194983642,3.022929456942446,1.0
2.471370998892911,1.5345998651098158,1.0
0.6379638867181836,2.486249528732663,1.0
-0.11845555200293711,1.804785418448473,1.0
4.198473153382331,2.1454939474890775,1.0
1.6613355492701964,2.8927355381553705,1.0
2.1012923070318856,0.7726689751497913,1.0
-0.1371222793201854,5.13858091352819,1.0
1.183425913212226,0.490973927750447,1.0
2.166383884564799,0.17871708081840176,1.0
0.2735096338665457,3.737166310250102,1.0
2.563547027518508,3.187494040944404,1.0
1.0990419651217924,2.9361797255782327,1.0
1.5624593753100848,2.94251826389642,1.0
1.0974400816559047,1.981629840729628,1.0
4.778417276763406,0.6541184427712528,1.0
1.979754162893099,2.1137068372905894,1.0
0.41343360656614947,0.9842574327318325,1.0
3.2338173681547833,3.4626796001266267,1.0
0.16873452504346664,1.779413927746792,1.0
2.313295392507133,0.7617542048112327,1.0
-0.9395051858196632,1.5179212375205098,1.0
0.007720926652354354,2.6193971814134365,1.0
2.2952918538036853,1.154413170794038,1.0
3.1076998699931155,0.7666694066503528,1.0
2.2570524217849557,2.3655308172378686,1.0
1.8265275764176392,2.367449856663084,1.0
1.548344456616067,1.2395852369433054,1.0
-0.21778298555114084,1.293442541572516,1.0
0.9202336874079371,2.3480749060364543,1.0
1.3090418435603186,-0.17212651224598607,1.0
3.585683339328374,-0.11119566156483263,1.0
2.5154274343526923,0.9223336681213459,1.0
-0.6445602330441007,1.679829272432229,1.0
2.4861259540921923,2.466361348397007,1.0
1.4223765793755252,4.213034325424328,1.0
0.9846169995410619,3.286489434803029,1.0
2.917514433261302,1.7600922050548593,1.0
3.5464992837439264,1.9714756881459667,1.0
3.3969201786742977,0.49620595304328674,1.0
0.7411737151660422,1.972230296011415,1.0
1.536181436223178,1.5670120416197926,1.0
2.496895147105346,2.484077840507134,1.0
3.463317690683539,0.7591535846715156,1.0
1.281238643232065,2.7790197713617584,1.0
1.7215115350042742,4.299108369503866,1.0
0.3404975389909577,1.8368597773147135,1.0
0.2056900638789938,2.6025675831484123,1.0
3.218788733591297,3.035215987566669,1.0
4.0343600428562345,1.3981692921712456,1.0
1.8919848176294993,2.336138722715625,1.0
3.5052993468380365,2.018888601172692,1.0
2.542454037571451,2.1465141478232477,1.0
1.0323203680923136,0.8404853242168002,1.0
2.542093408262621,2.036765261388414,1.0
4.307054849698954,2.746997436868175,1.0
1.9462609413350727,4.176715411692562,1.0
4.346965483721009,3.4389062391278102,1.0
-1.9296176561346163,5.229773686267334,1.0
3.232853756562836,0.8489786556679257,1.0
2.130570602357257,3.3084809550810172,1.0
1.5514889743011988,2.2750130086075275,1.0
2.1376411648032536,5.284704399826508,1.0
-0.9813533719013394,0.7875525719672729,1.0
1.6704921682437321,0.740417236728836,1.0
2.53566885726762,1.1009110318339668,1.0
4.216841067112274,-1.1858435864647103,1.0
1.222594672589529,1.2113674674788584,1.0
0.7872595956602186,0.8613010076694532,1.0
1.2473644346231951,2.2255906797143115,1.0
3.373103176553111,2.5126339636657393,1.0
2.4931266644895267,4.814256258823829,1.0
1.2053596943494418,3.4256357572790757,1.0
2.769901149670034,1.1346445165063954,1.0
2.1456163240220607,0.6523779929774631,1.0
3.4529674857993338,2.7378787572597587,1.0
0.9469203591839714,0.01965018946903685,1.0
1.5085067801033478,4.747188148781531,1.0
1.4118377703017635,3.7691601810819306,1.0
-0.19527242219817786,1.2962365218429428,1.0
2.444180415596864,-0.569701793636316,1.0
2.391582908269834,4.0308085612481195,1.0
2.0076701849636915,1.8281902321210732,1.0
1.6481192999372796,3.8567244679601926,1.0
-0.12305611307562137,-0.39164148819155065,1.0
1.3690320158519613,1.1009374655693407,1.0
1.4859282252098458,2.0078655495772746,1.0
0.7965840961675716,2.070470890647113,1.0
1.7580714325009863,1.3249017927811346,1.0
2.606076285221808,2.934274898521248,1.0
4.829278851815795,0.3985693559261083,1.0
2.2618667192477586,1.7864307724680597,1.0
2.386325586084147,2.1804434475678485,1.0
1.8883311263507492,2.7716582510881236,1.0
-0.8781568229485623,3.067422317133335,1.0
1.9602291868261748,0.31303686224319627,1.0
2.0903453149115396,-0.30117125610343365,1.0
5.694863168727929,3.9165152328477637,1.0
1.7114585528283162,2.4984710179693876,1.0
2.4523210135004185,0.8772701951651696,1.0
1.9479323454421351,4.326727963283784,1.0
0.24698294357070205,2.1735119514392878,1.0
3.714234221772531,3.7689457760957397,1.0
3.127899549030161,2.1012777221151633,1.0
3.1865479205645704,5.091121887322981,1.0
0.6359188178078916,4.633011263664807,1.0
4.104191466404149,1.6265537772813898,1.0
-0.10277659418842156,3.457356426431533,1.0
2.8802856407004054,2.9680639243777214,1.0
5.285683438714968,4.052947336298523,1.0
0.5141955123039674,0.5526148091298433,1.0
1.1505534055958422,3.029077189997659,1.0
2.149477047631462,3.5876367302743817,1.0
1.2447865188257012,-0.6381092296346713,1.0
-0.32599514659919926,0.22511223100133737,1.0
2.102844462209041,-1.058848266640151,1.0
0.4065444294108427,1.5958897483331633,1.0
2.710388645952772,3.0763133836939436,1.0
0.6208636486492953,4.253535578144042,1.0
4.324901607526309,2.111142170629663,1.0
0.8251200614956444,4.442923318356938,1.0
1.5169077256914867,-0.07015218732233697,1.0
3.220275826054505,-0.5550736590327321,1.0
0.15370352534906706,1.916678451655072,1.0
2.341189901906194,2.576098173408961,1.0
3.960714131423642,1.9509578778588603,1.0
-0.4112248518418413,-1.101163150059815,1.0
2.2769507877984565,1.8663199407308173,1.0
2.3898241913726355,0.04329574924272017,1.0
3.1727343076659658,3.0045088232450574,1.0
0.14457393368287708,2.549897369145272,1.0
0.019315080373585536,0.5901803205089671,1.0
2.7829123484253464,1.2291996239949596,1.0
2.445477009849779,0.41117971716657253,1.0
2.3757392755188147,1.9059813540902422,1.0
2.5196723142454633,3.4327134807518576,1.0
0.9799629176322637,0.5214109304966845,1.0
2.3483805457415055,2.7560697732767667,1.0
2.439608709948022,1.204613572441339,1.0
0.9284728729604483,0.8106907516064839,1.0
4.798661766717135,1.8394544600681633,1.0
2.7107493813676813,0.4471365163709389,1.0
0.21304475419602698,1.169526041979227,1.0
2.9848304129507444,0.20318316111672718,1.0
0.5379774946590179,4.947087699374584,1.0
3.180626905613678,2.052895327957593,1.0
3.737893368511106,0.9504117380111217,1.0
0.7689765224724343,2.320969866101333,1.0
3.4450641938664828,1.8315079254637552,1.0
2.6191713904047473,1.6685456007001656,1.0
3.2330902399917347,2.921250050065138,1.0
4.845189473980922,3.1362615650709578,1.0
1.6319178259956941,1.2042482785842088,1.0
0.8693957534637655,1.13627263903298,1.0
0.6657283555617151,1.587422454272534,1.0
0.7762845725518426,-1.452881747103377,1.0
1.8843474358788437,-0.2727865932978286,1.0
2.511727962224966,4.050311401166788,1.0
2.4150361989950286,4.467451570251925,1.0
3.240774873554036,1.6264459406654326,1.0
2.0195028378168605,2.8648354445836497,1.0
4.1803011157359755,2.466875231815304,1.0
1.6030147501430658,6.618321212682856,1.0
6.080253749884428,3.679362367151865,1.0
2.938501021647509,1.8081236127788503,1.0
0.7142636653755763,0.5666893390993613,1.0
0.3936612529083314,-0.40966948038635875,1.0
2.7237086228647778,2.3051954538008346,1.0
1.6648058220112236,0.865473882073545,1.0
3.071000741138138,-0.13338056439651114,1.0
2.709856436860317,1.0301406736362102,1.0
1.8907566310146908,0.37767799457840745,1.0
0.7298094228973926,4.530712452608848,1.0
-0.2722708370287972,3.3224596354241758,1.0
1.3302275718994685,1.988041038025074,1.0
3.2845981914852085,4.2199162083350386,1.0
2.321140616195306,2.1160524614714276,1.0
0.13139183193201798,0.7080736980076046,1.0
2.259771388776773,4.284686115904486,1.0
2.577976069593255,2.808365065526988,1.0
0.6742138456983005,0.4441307685103153,1.0
2.230587658918292,1.7144919828745877,1.0
2.0873130776689997,0.6865726199228641,1.0
0.28554455325406547,-0.07419959644650387,1.0
2.536681040522425,3.389266321297462,1.0
2.8411767895523514,4.864124960705196,1.0
3.6245768647629157,-0.0978513607287117,1.0
3.5807030780523545,2.844453855035856,1.0
-0.06650405193563635,1.0240361463172596,1.0
0.5932624401273159,1.269311924352956,1.0
2.7725529008129897,1.1114091136416961,1.0
2.770678926368313,0.704013845480276,1.0
2.772571529459072,2.0727824419172407,1.0
7.779097235982082,0.7535748253834433,1.0
2.8563357660397504,2.4056852386697583,1.0
3.7033484602708984,1.9246428358262946,1.0
3.4310026452398033,1.6415779297003854,1.0
2.977086876958697,0.6386545069376033,1.0
1.5270961330394814,1.1348430041475008,1.0
3.138453830739901,3.133086838738634,1.0
0.8407621781936423,2.751375781436571,1.0
1.6447720898899867,0.5336671328021734,1.0
1.271954678256345,2.1489984581438386,1.0
2.122811209079484,3.1270806850576838,1.0
5.471987850010263,-0.5041079216820576,1.0
-0.8008977888876219,2.815040288569903,1.0
3.02939028556177,1.00606436158123,1.0
-0.4190738067844775,2.855898002889739,1.0
1.2921022013158499,0.8551112651862247,1.0
3.633425895451049,-0.7073231509967783,1.0
2.096420028643194,-0.441313656824744,1.0
0.3833828331060407,2.072127419992073,1.0
0.9270444361100476,2.3895837525822228,1.0
3.019396623402014,0.6435250623433872,1.0
0.9044500524242949,2.9578886881660607,1.0
2.3246878843729624,-0.4922800934034397,1.0
2.068357759855721,1.9008803020290252,1.0
1.0225994785912744,0.183475700356315,1.0
5.215916133987989,1.0222458382967612,1.0
2.9508785334770167,2.071098006974621,1.0
-1.037713879986411,0.7093799520740713,1.0
2.2796814721541416,1.4231666836552619,1.0
1.007320302847418,3.509439213821661,1.0
3.278650002194336,1.134662195715277,1.0
0.8112188923509489,3.2535381680977125,1.0
1.8278953377996514,0.30543971801357284,1.0
2.7574809184706854,2.7947062668729243,1.0
3.2986327912551823,4.1623529309868506,1.0
0.19955538941633577,-1.707466750190934,1.0
1.4982481462385775,0.8046571167942849,1.0
1.2875820332585657,2.8656081907708097,1.0
1.020006151139432,1.695431920935511,1.0
4.6481813604216455,2.5567188100569633,1.0
2.6074725664414333,1.094022219926269,1.0
0.10867406849743233,2.12988468120935,1.0
3.3767929205821643,1.7664841469118808,1.0
5.18323429551895,3.7516730924897113,1.0
3.54869789082672,2.3816312649518196,1.0
-0.27905494893102034,2.5064039931128033,1.0
1.273648890700623,1.3821845508162989,1.0
3.900366723779934,1.2685906638912596,1.0
0.938495801571829,1.3511627182705688,1.0
2.6657291422193428,2.5916782135674454,1.0
3.1619510801440054,1.3685232787696056,1.0
0.6096042926328755,2.4346622853446194,1.0
1.9107119659073,5.113101197968158,1.0
-2.861901010103609,3.3066870551475382,1.0
0.46341853799856514,1.5109647017482382,1.0
1.6211477729102595,3.8018208832459175,1.0
0.12832522705272575,1.387886940467673,1.0
4.448616955897453,-1.0571868027667808,1.0
-0.14521206694094912,0.487870533623894,1.0
1.3399332699545243,-0.8061878815387837,1.0
2.196110865929137,1.472729773938037,1.0
4.161909933599173,2.0276275687843275,1.0
-0.1537932267691593,4.514655968412924,1.0
3.7447456282324394,2.490391060646244,1.0
2.0153495915293806,1.6713492067867035,1.0
0.5277370234280736,3.2441083717752335,1.0
2.693155211394906,-1.316702963511828,1.0
2.298589543360205,2.353421837162849,1.0
1.099674684261808,3.1562977908304504,1.0
2.1047031274850285,-0.2178793686697622,1.0
1.4220296047073597,3.7156310648103936,1.0
2.170276017876872,2.507744611241621,1.0
2.99319601178157,1.377068129148798,1.0
4.379025224218028,2.9491727991594274,1.0
0.14327675175972643,5.406039286706594,1.0
5.1995500619844,2.272799382587743,1.0
-0.9281316992837527,2.3723308794505042,1.0
1.7723223574466251,1.3109586506896338,1.0
2.8824758097268646,0.7252334458028122,1.0
2.4214878016025487,3.2455037248163685,1.0
1.0659507202691092,0.7158742611366993,1.0
1.6878166244640873,2.1073493558290886,1.0
1.260498598011751,1.283513829852325,1.0
1.1159528645836827,2.7184697386195875,1.0
3.274403145531537,2.500493157930422,1.0
2.535523228947571,3.556309916386849,1.0
0.9606356071090187,1.2349754017178793,1.0
3.3493998131498763,1.5951875970599432,1.0
2.460949281314914,0.531854426326539,1.0
3.2192931782584404,1.3335601098858327,1.0
2.9444432628854185,2.5659507395672785,1.0
-0.8645170750319722,2.5530099633093517,2.0
-3.383247986266438,1.409991781508959,2.0
-0.6955911198415097,2.043117234402226,2.0
0.03345678820742659,3.917677793910948,2.0
-1.3798476451644488,2.286648602029855,2.0
0.815193718837099,2.0696548222342233,2.0
-3.1606837986553593,-0.03978421146987898,2.0
-3.8669820549671257,3.119380349040831,2.0
-4.668080373356418,2.9682262717116132,2.0
0.24406646723377445,5.24488208495819,2.0
-1.0184515154689133,1.5383326475704988,2.0
-2.0833770063656827,2.3287254914959084,2.0
-1.5800470605202697,2.3740755255661328,2.0
-3.6882335709475647,4.366179919645211,2.0
1.6686279694252395,1.8570567014195718,2.0
-1.8061682270371588,2.4185322886555087,2.0
-1.8359078080926607,2.9118447645748087,2.0
-0.9113500641519621,2.279913684734537,2.0
-1.27848615239493,1.3303495781742076,2.0
-1.6641739635813029,2.2911349893474613,2.0
-3.185711683167968,3.610447624789658,2.0
-1.2927974642960063,0.46022705088340965,2.0
0.8230367447125504,2.199454511220314,2.0
0.018130069232466628,0.9498187775912401,2.0
0.3897799399590953,3.7925699433872637,2.0
-2.7668235146467777,-0.28478035717566197,2.0
-3.4844072303878715,1.1616172290926174,2.0
-2.188680380149472,2.5658178125967814,2.0
-1.916412631566958,4.348286043851511,2.0
-0.3587127222935771,1.9013746083905183,2.0
-4.538696944572229,1.1672007099602024,2.0
0.29432547919092045,4.821735604160885,2.0
-2.237011847868484,-0.1720208506243659,2.0
-2.64032160492113,-1.298208934930123,2.0
-3.518156562890251,2.6600216750799985,2.0
-4.482285007798654,1.2469186634710834,2.0
-0.7652441240571282,0.46815077430393015,2.0
-1.8900230492173942,3.06253467094903,2.0
-3.934941349611581,2.3657010706567982,2.0
-3.9426181580954243,1.1538820538949075,2.0
-2.5036770489351925,0.0795434019936585,2.0
0.5035322879340893,3.3086859924202168,2.0
-2.389387027045407,2.9753017669379913,2.0
-4.2547144296771595,1.8512362043309256,2.0
-2.3686145961289164,4.769955494071499,2.0
-2.4090853546215056,0.39487285051077103,2.0
-6.045329964412358,-0.288287756387108,2.0
-2.081442299776718,0.9621378951781334,2.0
-2.346401795313017,1.9316209754667533,2.0
-0.9556904527798724,2.3650091739840375,2.0
0.7734341424180178,1.6381459132155052,2.0
-0.3101524556783639,2.5280830947714454,2.0
-2.403333035832246,0.1226908637143338,2.0
-3.6597888631125057,4.165646906109889,2.0
1.8600397048747905,1.8767732324111468,2.0
-1.9111723489782677,3.6759437473821914,2.0
-1.9791060621305807,2.5140880195665565,2.0
-2.036187630665005,2.685129828730676,2.0
-1.7028728588482176,2.854650920348306,2.0
-2.2165406178859137,2.6715628400259726,2.0
-2.8604930103203543,2.964084139801316,2.0
-2.820288411860588,3.9937287951986473,2.0
-2.0491299053239977,2.294781754552205,2.0
-2.8151371567006476,3.0635056363827684,2.0
-3.0692686740157464,1.86539645856916,2.0
-1.8403546584621546,4.160175823174209,2.0
-2.3824658261312828,0.9854115469110956,2.0
0.2559894828740328,4.701410649366224,2.0
-5.976454712589518,1.9397630740334848,2.0
-0.36273972211630734,-0.14616265317707233,2.0
-0.13087221125355653,2.192156622366184,2.0
-5.110085348612224,0.9784225137876787,2.0
-2.514031391120523,3.260965323483086,2.0
-2.5571612989936874,1.0210640310464136,2.0
-4.111267542076732,1.3307248501778304,2.0
-3.1667250313863127,-0.8343110964182965,2.0
-3.665863768198743,1.3215405211263849,2.0
0.6284056651354342,-1.6358189899434352,2.0
-0.5964824102788082,-0.37585423522858497,2.0
-0.09266735750876176,3.140621984216446,2.0
-0.9174919039351472,3.1787002379762486,2.0
-3.693577656825844,2.638186342677447,2.0
-2.7867803994196603,0.5495357853061806,2.0
-1.2659381581581228,1.9284329657870303,2.0
-3.833191713337918,1.9945961913641475,2.0
-0.930502354741418,0.26245296621118586,2.0
-2.3604880972372024,4.255097452650726,2.0
-2.5622312113243964,3.316043435863507,2.0
-0.9335600476947628,1.668553739255504,2.0
-1.3336050327709403,2.040328758491796,2.0
-2.54144924872862,2.3125742119213286,2.0
-0.2610052949536279,-1.062602302636436,2.0
-3.6215949913998458,1.6292339262191047,2.0
-1.0760965895836043,0.9770236280033022,2.0
-1.1103481130474244,0.49756998515762674,2.0
-2.4643196589709855,1.5783495606710676,2.0
-1.510800466636823,4.696529790274283,2.0
-3.8766703645779543,2.9612642919005148,2.0
-0.6139594711896486,1.1432315153258048,2.0
-2.2773532046644833,2.8588741720342377,2.0
-2.7840845307785593,4.099033154879003,2.0
-0.4264861612446662,3.386950524369153,2.0
-3.056515535814139,2.0894455548802613,2.0
-4.11269194454534,1.0295948334416392,2.0
-4.334943760285856,3.047334970420385,2.0
-1.0909850729815407,2.5902280781326246,2.0
-3.920644028744425,3.3427898300415984,2.0
0.6321912729765469,2.9527577025229546,2.0
-5.122894111825583,3.574329072979003,2.0
0.5446845524350574,1.197147182659148,2.0
-1.6834737991960724,3.9760910984514886,2.0
-2.1450696678055885,2.2963994070385993,2.0
-2.8173786302134247,5.112891308937899,2.0
-1.4012958284718937,0.9662182728656483,2.0
-2.0564520536372726,4.603945704747874,2.0
-0.3450471769752177,2.296866175193972,2.0
-1.8286585270069406,1.0228729945783275,2.0
-1.7745473578071835,1.2741712489185177,2.0
-2.5454183183207837,1.5194790377085199,2.0
-2.0854184355816012,2.636248919602875,2.0
-1.5382973466619112,2.784253232053249,2.0
-4.565252588984938,1.1394499940921314,2.0
-4.0222781331585695,1.9634681116085257,2.0
-0.8851038589659275,5.2134055379177955,2.0
-1.7437018428080873,4.591314755151068,2.0
-2.275975004529019,2.6544855045110483,2.0
-1.9723491004019102,2.0570052172523003,2.0
-1.4786274419574934,2.180046990077392,2.0
-2.8096395204640423,2.920276959095625,2.0
-3.167457088103469,0.46581115220239155,2.0
-1.7062321173534776,1.6139351938649824,2.0
-3.4675591664225482,-0.5028761108163842,2.0
-1.3876208664282923,2.598834683907919,2.0
-4.55387540635676,2.9707939095541116,2.0
-0.45626654401153455,1.2752203065509389,2.0
-1.2911037763804356,4.360980144935049,2.0
-1.6159553985291866,0.16135150549648802,2.0
-0.5259635240817291,-0.19656232031473042,2.0
0.49821166669386496,2.336677727839958,2.0
-0.47844490247280436,3.570647453918232,2.0
-4.761311346997468,4.525891537186803,2.0
-3.919365450103552,1.31167360569659,2.0
-2.9372278665435183,3.6180212501469433,2.0
-1.9608634246837493,1.942237295748939,2.0
-1.2235114692963154,1.7410590500887706,2.0
-3.0886157197301984,3.3254899062300085,2.0
-1.7198498532843824,2.978484317620129,2.0
-3.133074398529984,-0.36458823547637387,2.0
-2.9172767044879224,4.214810524588843,2.0
-4.109991645272333,4.0701370312211775,2.0
-3.3848498691663567,1.061655947735706,2.0
-4.0275269084245,2.5937053001561137,2.0
-3.463809879465999,2.7410452794241085,2.0
-0.4195373050882407,2.3910106487358607,2.0
-3.4240983332479145,1.1745422692318699,2.0
1.9485730972560864,0.9925649480929226,2.0
-1.2600231486786662,1.9616688935128321,2.0
-1.722745814457689,3.7590935288890472,2.0
-3.2875366702718205,2.8154002318916485,2.0
-0.9495351808865129,1.444078501870841,2.0
-2.863456739356661,3.157548065972517,2.0
-1.8169852780319578,-2.272813930945113,2.0
1.840126807403192,3.723148550558155,2.0
-2.1440898495869747,-0.6095706681671493,2.0
-0.2760900105714863,1.456338587895302,2.0
-3.054764637688831,0.3204951580607842,2.0
-2.0524827357454427,0.057977786418641486,2.0
0.6562009534532649,3.741240181067779,2.0
-2.940450586681651,1.298448198032163,2.0
0.7186728369953932,2.519755822596074,2.0
-0.9383720968167868,1.929619131681224,2.0
-2.8437001638414015,2.715561240834682,2.0
-1.0513883914167186,2.115232836590383,2.0
-0.5411683255599051,0.07551166371714557,2.0
-1.0672850566742054,3.49440022917071,2.0
-4.355337079835685,1.2593651252580313,2.0
-3.090705763737303,-0.3348728479896268,2.0
-2.371277953327257,1.3578272585511313,2.0
-2.1116501436500696,4.2511396859514665,2.0
-1.068991853673983,3.2753326131702396,2.0
-1.7334484986001193,1.4770217983882112,2.0
-4.003016538065152,1.4761134435223568,2.0
-1.4297032234910552,1.517547423173926,2.0
-1.0841213820742652,5.115121975341261,2.0
-1.1603143281034403,2.57290317834733,2.0
-0.3788289116680672,2.6450624707866046,2.0
-0.749116768176644,3.5454251810477633,2.0
-1.3112298811573448,2.35818373853977,2.0
-2.1052485671879704,1.6114367812689454,2.0
-4.491441400273987,1.7054752263725326,2.0
-1.3555726713011214,1.892598110878904,2.0
-1.6884684692553333,1.9441666452352375,2.0
-1.5926317442069398,3.09144431545547,2.0
-3.9151228637304643,2.077918828710949,2.0
-3.6215848106123936,3.0989601158233686,2.0
-0.4202707200006448,1.8789251298371266,2.0
-2.0593327307849827,2.117952785474136,2.0
-0.9777489539410633,-0.9973010267981612,2.0
-1.9575224358043082,3.374491512053722,2.0
-1.9553657907563822,2.519732713846989,2.0
-0.5925742910360035,3.4970151647894783,2.0
-2.774067092326061,-2.3443830672905337,2.0
-1.855818834588525,5.132562057171091,2.0
-2.6934129330575636,1.7906155577672394,2.0
-2.6517443411484733,3.662274225106275,2.0
-2.463758185202959,0.4401411093117038,2.0
-1.6667993425494307,2.9191608575938544,2.0
-2.718122932495216,0.4198766552395159,2.0
-0.11636581163971882,1.0643465589562924,2.0
-3.341910953329256,4.871047030800179,2.0
-2.2803074662420384,1.71397639885498,2.0
-2.6595965874112624,2.3261493097695842,2.0
0.1704668265305993,3.3051015960331314,2.0
-1.705167835232638,2.743522831958907,2.0
-0.4522331907970476,2.225628357715365,2.0
-4.228340559555458,2.5474415036993383,2.0
-1.5994246011961117,5.605123377857413,2.0
-0.6655538065648443,1.913571804449622,2.0
-1.8765740160868638,2.301648570072451,2.0
-0.4017794374019732,3.575981594011418,2.0
-2.775932675150558,3.6582888994369758,2.0
0.11402116027836984,3.78054545834057,2.0
1.4483471854288754,2.9580953330437767,2.0
-2.5442578406594887,0.2854926309042747,2.0
-2.6682537821011576,4.450147298451644,2.0
0.18007671567655148,0.280481910471968,2.0
0.36935821859606843,2.45395319785855,2.0
-2.7842900407299025,0.868586224970963,2.0
-2.630280225643786,1.9037924801105113,2.0
-2.422676913290761,2.4931436154552205,2.0
-4.0166757665514154,2.4820358231754094,2.0
-3.3779779197262974,2.632881131352927,2.0
-3.506211150128102,4.420566903587971,2.0
-3.1516963476561926,2.6803014522709696,2.0
-2.052027331080172,1.633765047064027,2.0
-1.6486779011952188,3.446130752432536,2.0
0.3257507392211152,3.784205733386961,2.0
-3.4975310611081865,0.1585882772945113,2.0
-0.5235164022851244,2.896100104774787,2.0
-2.3209832663382635,3.0517591134663475,2.0
-2.0741955644786496,1.5536547449600122,2.0
-0.9877707617500944,4.063560219967429,2.0
-3.684083032343448,1.77491661945121,2.0
-1.4263853807239242,2.1883646802073136,2.0
-1.7503216876804157,1.7403922635741955,2.0
-1.2613231039877764,2.023368571372201,2.0
-1.5662470341382728,0.35558736965719717,2.0
1.6829502098663411,-0.16007632389144177,2.0
-2.956609976376974,4.3917575948374585,2.0
-2.7964954325027263,0.7295579775225083,2.0
-2.9347107896371467,0.5129114758155393,2.0
-2.833215678740382,-1.2300851704055722,2.0
-2.9560806909597765,1.0415573784657468,2.0
-0.21647520333867232,0.01536530988875251,2.0
0.1307563719847824,4.463022740204554,2.0
-2.8561194406242145,3.514725634013951,2.0
-3.248533359656343,0.9677744822334144,2.0
-1.2928766654203938,5.378653708016463,2.0
-2.8283345664214568,3.4726482304873914,2.0
-1.0506022733667337,1.5127529247370664,2.0
-1.6956154687230505,-1.7491085723103597,2.0
-4.2736161724958475,5.436413858886112,2.0
0.3212578019950927,-0.08435870014539404,2.0
0.6938165096432827,-0.4680981204353376,2.0
-2.9191830357265793,3.5338556480144603,2.0
-2.5815523399039764,5.659628609508909,2.0
-1.5712019139126425,4.076409227765778,2.0
-1.4983148150194625,2.8458636800785393,2.0
-1.0121835909907544,2.892131512497929,2.0
1.0153068081495245,3.2801233381704615,2.0
-2.265420841241074,3.1383928846801474,2.0
-3.197445866807681,2.4217871359540637,2.0
-4.0689788420217905,2.1563016559278143,2.0
-3.0963950599128784,1.9061103081507165,2.0
-2.0496904593106957,0.8690531166999855,2.0
0.6918367952766813,1.5789873846998388,2.0
-2.776416948554257,-0.5394352212930782,2.0
-1.6643180725416522,1.8524905598078751,2.0
-2.024634344109128,0.5171133392736238,2.0
-0.21741008982787413,0.3446160241763436,2.0
1.7903986388104327,2.2698412267302177,2.0
-2.7963031593804812,4.088003429516899,2.0
-2.734159163777333,3.3774749090034693,2.0
-0.4337586843963921,-0.3557509054347654,2.0
-0.9771627655605328,0.5155577951444936,2.0
0.7700609886040501,3.411156781982324,2.0
-1.124107722011054,0.5262689096925355,2.0
-2.5389381361805894,1.6630502750044631,2.0
-1.1140177539615361,2.8250781485368277,2.0
-0.3369446291256384,0.5474833177045471,2.0
-0.7692767282039539,2.15806325921894,2.0
-1.2390889533390534,-0.001038242377306542,2.0
-0.39998796561626904,1.0979485340731796,2.0
-0.24605661433149084,2.4796729012138057,2.0
0.07323848655629073,-0.38949060029750404,2.0
-1.0269351686155361,2.6607121069405983,2.0
-2.2506771204752813,1.9705433016099783,2.0
-1.7799294703500157,2.8287349316257218,2.0
-0.19023655023746477,2.335871201096992,2.0
-3.225403506480854,4.046210644960766,2.0
0.1878367539718609,-0.8324583857500434,3.0
-0.6441083116878794,-2.8267785744928,3.0
0.18344625454842567,-3.227298325133461,3.0
0.8149470435545818,-2.005061686116428,3.0
0.0732901054885565,-2.2552769337873926,3.0
0.060887536805823574,-2.679842073990913,3.0
-1.0529875317101332,-0.955418828814927,3.0
-0.9943513763264222,-0.5670421871442339,3.0
-2.1039079076995404,-1.867389670562229,3.0
2.6243651147804092,0.21629512158289277,3.0
-1.8657948530869275,-3.7125336712002577,3.0
-1.039357796693861,-2.2904891889195773,3.0
-1.0776108983537962,-3.0752334809042075,3.0
1.3423865654166618,-4.79980492560959,3.0
-0.4424245174380417,-2.124021028764049,3.0
1.8716131090106007,-2.1826212625749255,3.0
-1.010235936365803,0.2701746148631967,3.0
0.418491243335703,-1.0537824731678338,3.0
-1.253020579889636,-3.5362802364938073,3.0
3.2177236916600824,0.7811388495012825,3.0
-1.7813976285442692,-0.16844945671197076,3.0
0.46473106534054126,-1.1268534447970764,3.0
0.9506653213981477,-2.339726148274748,3.0
0.6206986461772473,-3.4391588550852195,3.0
-0.27793148831656245,-2.5583101641065795,3.0
-0.19473104960013926,-0.366877070443721,3.0
0.0657172079686644,0.8268794589019137,3.0
-0.2205030024427329,0.31486529240828354,3.0
1.4458186751923645,-2.733274132679411,3.0
3.315784502387027,-3.6794261499335166,3.0
-0.8362376775117504,-1.788670629633194,3.0
-2.054704469368617,-4.652659048344278,3.0
-0.13242307252688224,-1.5152484287228278,3.0
3.869564006481478,-2.221403879448003,3.0
-1.2055118519545962,-2.6990547528023634,3.0
2.458675208166101,-4.3920546009001935,3.0
2.516551221114661,-1.2295998401454251,3.0
-0.8303823625619919,-2.799051259492867,3.0
0.853474618777913,-3.754875253565432,3.0
2.4425949346928073,-6.308393319922474,3.0
-0.5686916114812306,-2.0412723575759544,3.0
-0.30537054015354265,0.6583773950046163,3.0
-0.8725213709229656,0.4918888218218047,3.0
-1.5221350960393003,-2.685644384879408,3.0
-0.9739163175990107,-2.9033180905426708,3.0
-1.8359104001433848,-1.2968386158874643,3.0
0.05112520238883911,-3.4975781587824373,3.0
-1.1549598465879627,-1.547312150270801,3.0
0.35067886768612155,-0.8508795824229645,3.0
-2.333843469305441,-0.1596001641735385,3.0
0.4963203483216856,-2.1502311147199293,3.0
1.250293442413387,-2.3055106252654487,3.0
-2.990603463857183,-3.3169738801348414,3.0
0.5610848547713582,-3.24032053105979,3.0
1.8415034887099382,-2.33971833785229,3.0
-1.8144615280368082,-1.4489517397757328,3.0
2.508858580256555,-0.6296230606501259,3.0
0.6285285140490677,-3.204768426020517,3.0
-1.0575177836376133,0.2390328534392827,3.0
-0.08365361648655902,-2.4066854015638532,3.0
0.8374903687825836,-2.0320509415226544,3.0
0.11400808711861725,-3.120817518721735,3.0
0.8081339886695538,-5.636360390409412,3.0
-1.3810103896190493,-0.6739319054584254,3.0
0.254041236054117,-0.8947341543613501,3.0
-2.1205717453574704,-2.42199133567732,3.0
-0.16683909202305047,-1.8995139241626922,3.0
-1.3558614621971845,-1.2260911734438509,3.0
-1.1032949138846497,-4.343818785329814,3.0
1.854139762815656,-2.793579016019442,3.0
1.6369651808914036,-0.8086029805672594,3.0
0.9137071813607656,-3.8814341347538743,3.0
-1.6384691470088684,-1.559663101750056,3.0
-0.4746126745422029,-4.034872706935108,3.0
1.819646549968775,-1.3003550263497106,3.0
0.2125753704598571,-2.053462223446225,3.0
3.478994309972541,-4.422697723858264,3.0
0.5899767590915578,-0.25289096831424285,3.0
0.2880736747350474,-3.101887365197074,3.0
-0.4636746963037521,-3.2153786555215715,3.0
0.20031135717342347,-1.6991462041535859,3.0
-0.22870475457081585,-0.2770439758569272,3.0
1.0621630150328856,-3.5237327284675954,3.0
1.435053475191876,-1.9074802252280425,3.0
-1.1789841907619243,-1.3567752495041405,3.0
-1.996849430336667,-0.9603415891052838,3.0
-2.754308059654945,-1.7353376670841623,3.0
0.7619869903688155,-2.5505417586249832,3.0
-1.6550499092608104,-3.2413853309730793,3.0
-3.2293358894287243,-1.870784175430438,3.0
0.5828679067964462,-3.6082085179784102,3.0
3.7394992761491856,-6.3820257252419115,3.0
-0.009106367309839986,-1.3451602937634983,3.0
1.257736161677463,-0.6440977383707072,3.0
0.12274403782134752,-5.544398653312758,3.0
-0.148334479786714,-3.514596057064906,3.0
1.378614724481653,-1.0712686084922034,3.0
-0.435411816282977,1.0862432045675483,3.0
0.4010884711078544,-1.9688094384868882,3.0
0.48254670929402044,-3.0920044118437016,3.0
-1.0021356804645731,-2.2743446616572602,3.0
1.4880635243047842,0.06231462872227711,3.0
-0.26243963504311296,-2.968946268686803,3.0
-1.133617739239267,-3.1987880099753805,3.0
0.8047647653556054,-2.724115283273049,3.0
-1.347701972686556,-3.4299929123880686,3.0
0.042271736053692374,-1.8159945260078068,3.0
-0.013678494966305316,0.437017687704341,3.0
1.6288433487473672,-1.5153810903259564,3.0
0.7120473493199292,-2.3785302531894312,3.0
-0.037540438117715874,-2.437716903373316,3.0
1.2266494488004307,-4.344786213044985,3.0
2.08531132352597,-0.6753353342792616,3.0
0.8367154595277934,-2.116755795519203,3.0
0.01552892976507091,-2.2707198703859386,3.0
-1.9677543485252393,2.7896613517672915,3.0
-1.5976704946130589,-1.5518706374514706,3.0
-0.45783705653200146,-3.1276865751427767,3.0
-0.9142683032389247,-2.639536394308315,3.0
-0.280456954478169,-0.2773314362048678,3.0
0.08497488734566075,-1.8300943841933532,3.0
0.7945391315350963,-4.15741696747605,3.0
-0.10574816708863682,-0.6211565981371947,3.0
0.7297524657393029,-3.0022161283084907,3.0
0.09671162221518037,0.8099466643263185,3.0
-2.963199849530807,-0.37992790142802724,3.0
-1.4090030907281315,-2.670982843488127,3.0
-0.2161313335824232,-0.07847545739733075,3.0
-1.8145421142616613,-1.8982167342088951,3.0
0.8998930949943067,-0.7208394873166708,3.0
2.296126248515546,-1.2729007740582878,3.0
1.8281427775459749,-3.2695349824863102,3.0
-0.320164306395312,-2.965324748476193,3.0
2.236089205274928,-0.4550587736282581,3.0
0.22300118580316733,-2.502162998159811,3.0
-0.505628956677059,-2.605472694862995,3.0
-0.9201039953114096,-3.4326838690240296,3.0
-0.4537045297321925,-1.3646014016098085,3.0
-0.5822652278118432,1.0937873788647172,3.0
0.25562433356323155,-3.601299371381409,3.0
0.24086097157479688,-1.9636708149908628,3.0
0.004569030230121705,0.11833083312314407,3.0
0.6554072546195248,-2.1194620868685727,3.0
1.785969412179512,-1.3214423056253992,3.0
1.4243312031619855,-3.59359029222032,3.0
-2.2273469526748553,-1.357539354188527,3.0
-3.830881702352932,-2.280716397506823,3.0
1.4014798668589106,-0.5214050064802056,3.0
-2.0503180476231315,-0.21892092265287322,3.0
-0.3371481028390253,1.8843454630279206,3.0
-1.7551695390890392,-1.1305502401796366,3.0
-2.7029706563700295,-1.5113055251267502,3.0
0.812194092307182,-1.708423547633996,3.0
1.1387327404539702,-2.5297494392160322,3.0
-0.8647656010900792,-1.4922742348074634,3.0
-3.886563438217365,-2.443102115208544,3.0
-0.8193666723787241,-1.7473085355955786,3.0
0.5877060081038198,-0.023603696588060608,3.0
-2.2183673531611934,-3.5098138479194616,3.0
0.27503987966873344,-0.2901821583064319,3.0
-0.022964773759493337,-0.024327398990202198,3.0
0.8689372494016325,-2.177102790486618,3.0
0.1793705526212299,-5.182782348512892,3.0
-1.4596034113223333,-2.9117329806416485,3.0
1.794857252496737,-0.05450818015833603,3.0
-0.23779435954045502,-2.034302093448323,3.0
-0.04095680926489779,-3.4989533484423663,3.0
-1.3999019386097942,-2.757162381842326,3.0
-0.6649233767872655,-0.7390699602431705,3.0
-1.3272040710403514,-1.179899647697931,3.0
-0.2594190898851345,-2.3583981487545413,3.0
2.567562720213515,-2.5502366177220313,3.0
-2.0578517143970343,-2.587637223565733,3.0
-2.4203420968151117,-3.383615276747754,3.0
2.206755491240413,0.42306353420416265,3.0
-0.3139855157277992,-2.4834807038170097,3.0
-1.0036091079898748,-0.1742622187617553,3.0
1.5598570310941147,0.28197407788367723,3.0
-0.9084233096052962,-0.5025336527780595,3.0
2.7390145703204043,-2.6474304690770727,3.0
1.0168888070089035,-1.394404864495086,3.0
-0.731867112218554,-2.0362934095863743,3.0
3.2359623198982552,-3.3555527910951923,3.0
-0.9085723845050075,-1.5134610774175954,3.0
1.1131430580139605,-3.768559686739704,3.0
0.4489388706097379,-0.2184809173076543,3.0
1.952611934098197,-2.69692594594759,3.0
2.342266795090279,-1.6982605161907411,3.0
0.048006223598649936,-1.5750681926807868,3.0
-1.1301268055192752,-2.388357460556116,3.0
0.6899582144086747,-1.119959297787088,3.0
-1.016573054628159,-2.7123554849337865,3.0
3.0200808712899345,-0.6930540538141337,3.0
0.20480299662410617,-4.018969520370122,3.0
-0.5479823269681631,-1.8104306306803823,3.0
0.2770204587973626,0.9083934985874271,3.0
-2.0206894342945447,-3.500496986908362,3.0
-1.4574210577659774,-3.0166174557872774,3.0
1.800620861916638,-1.2291382255116274,3.0
-0.9853414184570937,-1.7306273270906032,3.0
-1.5703664740229093,-1.4740548510896612,3.0
0.8049791287909293,-1.2662193047785046,3.0
1.7785562319944954,-1.047917797157345,3.0
1.0784299659976,-0.3354502370656651,3.0
1.4940715287087245,-1.385272014607231,3.0
-1.1351926328541913,-2.361886481927814,3.0
-2.1327160001127656,-0.991139448195903,3.0
2.25200047793323,0.8498229023428232,3.0
-0.48401975826320365,-2.19895061957386,3.0
-0.376249524682571,-3.461793957005962,3.0
1.992291212773587,-0.3393789960695408,3.0
0.8343450141009898,-2.1805717459303975,3.0
0.6838316581224114,-5.259004319021054,3.0
3.247503517351626,-0.7288674842743676,3.0
-0.9652773455702145,-2.8029922789308843,3.0
1.3917601921218559,-2.1357999234562413,3.0
0.08551968734562676,-1.5020295041464782,3.0
0.4028884182948854,-1.7142504803314003,3.0
2.2927026396187973,-0.9358222742914408,3.0
0.7617536344344356,-2.653229555854765,3.0
0.8074441185744494,-1.230341302735876,3.0
1.6087610059647033,-2.389320016375876,3.0
-0.547429094314328,-0.8917842786687455,3.0
-1.2588145010085094,-1.07694877398042,3.0
-1.5672137910315502,-3.403158053066893,3.0
-2.9495348840640028,-0.3710268257374516,3.0
3.0843106949104833,-2.8039451676710723,3.0
-1.6548125485825247,-0.7879133025782823,3.0
-0.33188043537865797,-1.4490690298979891,3.0
-0.415219949833381,0.757275515192684,3.0
0.4611100467136511,-2.335198973557778,3.0
1.2236058188089451,-2.523975194177296,3.0
1.290710232539618,-2.029129408831599,3.0
-0.8746161578534077,-2.454769674251413,3.0
-0.25068257067961724,-0.8000871470869249,3.0
0.42386992573244947,-4.424465912654882,3.0
-0.37303668927532063,-3.580523628719531,3.0
2.4110183640299887,-3.6017043823687898,3.0
0.736462427457377,-0.5745386120396363,3.0
1.1023166790747263,0.5659200588728881,3.0
0.994321903001119,-2.156673827806207,3.0
1.7602107862279874,-2.253232584785016,3.0
0.27153233805556043,-1.894921755330228,3.0
-1.94524792193377,-0.2571825460877144,3.0
0.5995319276289623,-3.391029701285861,3.0
-0.9770353406877436,-1.6424465258978223,3.0
-0.7929250226246353,-0.5372035553263554,3.0
0.8795460281326399,-1.2483587450902323,3.0
1.8574246071504534,-1.7156275751018848,3.0
0.03190736510409248,-0.49843086114928825,3.0
0.4632495188984457,-6.054848439498856,3.0
2.5533224169528568,-0.9831870207036386,3.0
0.36112976923285245,-2.9811135246911356,3.0
3.9025246712705925,-4.745949345284686,3.0
0.8482644684473162,-1.233196100712529,3.0
-2.6411441387337264,0.06048781774443679,3.0
1.1300124316567988,-2.206172771941538,3.0
0.5717375773241666,-0.5706881791955918,3.0
1.9346291311241184,0.41841738698296815,3.0
1.0097720269049375,-0.027628319623929087,3.0
-0.20768397597566074,0.4599467940570894,3.0
-1.8364473544340485,-0.8868087633921617,3.0
-0.3135348859290379,-1.8868495416476108,3.0
-1.2757806813139503,-4.402948717845753,3.0
-0.870785174707084,-2.369093732194923,3.0
0.8828676066309145,-3.2648698929742874,3.0
2.5048567565271096,1.2564140762467204,3.0
0.5920072947344717,-2.263828718648505,3.0
-1.7938245930527765,-1.8151927898232714,3.0
0.6669040023302111,-1.1727719359392987,3.0
1.7949472299684768,-1.9345963304413194,3.0
-0.9146743564790734,0.5425765606461295,3.0
-0.20102575000937653,-2.933974042601678,3.0
0.02203229209379564,-1.708088817144136,3.0
-1.17734746962336,-3.1137058785470724,3.0
0.9724206507657885,-3.980033766831059,3.0
-0.18142222291167234,-2.917653636357928,3.0
0.6292986658605416,-2.055555195572618,3.0
-1.3312382667031502,-2.64395333677589,3.0
-0.6561874504851156,-3.0386314698107837,3.0
1.083572036741657,-4.109476195507751,3.0
-0.5592497281376505,-2.124658358943042,3.0
2.5904457768501077,-4.257080561046504,3.0
-0.5994542784219035,-0.8599160544655962,3.0
0.3370270886278289,-1.876340370598245,3.0
1.3988862478096349,-4.1863272491973955,3.0
-2.1275485993995478,-2.463813615574795,3.0
-2.641213217971164,-3.128234608385875,3.0
-2.288484471855142,-1.5212382343712294,3.0
1.8938761551407732,0.01067566903471695,3.0
-0.8277872188386701,-4.812758704468617,3.0
3.8372989285023786,-1.8274608812788742,3.0
-0.846371397986083,-2.2401991933499605,3.0
0.27682695479555547,-0.9929898853243015,3.0
2.3131649288518137,-1.6802050576434664,3.0
3.0091393322386844,-3.1279539976082287,3.0
3.092255364954597,-2.4785809034999273,3.0
1.8125493458897135,-3.1940387852052337,3.0
1.5360937887171935,-0.3859892921021024,3.0
0.8887904238017746,-1.9680325269920866,3.0
